term,n_query_with,n_query,n_rest_with,n_rest,odds_ratio,p_fisher
MAPK signaling pathway - fly,1,6,10,2009,39.98,0.032350175760788726
Acute myeloid leukemia,0,6,25,2009,0.0,1.0
Adipocytokine signaling pathway,0,6,10,2009,0.0,1.0
Adherens junction,0,6,19,2009,0.0,1.0
Alzheimer's disease,0,6,12,2009,0.0,1.0
Apoptosis,0,6,10,2009,0.0,1.0
Arrhythmogenic right ventricular cardiomyopathy (ARVC),0,6,12,2009,0.0,1.0
Aldosterone-regulated sodium reabsorption,0,6,10,2009,0.0,1.0
B cell receptor signaling pathway,0,6,35,2009,0.0,1.0
Bacterial invasion of epithelial cells,0,6,20,2009,0.0,1.0
Bladder cancer,0,6,22,2009,0.0,1.0
Calcium signaling pathway,0,6,20,2009,0.0,1.0
